{"Loss/train": 65.71617126464844, "Loss/term": 5.97138786315918, "Loss/flow": 5.332655906677246, "Loss/leaky": 6.696394920349121, "_timestamp": 1768463293.8112416, "_runtime": 1794.211011648178, "_step": 1735, "Eval/Top-100-dists": 0.2899749696709003, "Eval/Top-100-rewards": 0.2671000036597252, "Eval/mean_reward": 0.21811999506130814, "Eval/mean_score": 0.2181200087070465, "Eval/success_rate": 0.0}