{"Loss/train": 32.72111129760742, "Loss/term": 3.186440944671631, "Loss/flow": 0.7852267026901245, "Loss/leaky": 0.714747428894043, "_timestamp": 1768469850.7250884, "_runtime": 8351.124858379364, "_step": 5998, "Eval/Top-100-dists": 0.39731736915390425, "Eval/Top-100-rewards": 0.6527000057697296, "Eval/mean_reward": 0.526220000654459, "Eval/mean_score": 0.5262199640274048, "Eval/success_rate": 0.605}