{"Loss/train": 462.93804931640625, "Loss/logZ": 5.906467437744141, "_timestamp": 1768467953.309051, "_runtime": 169.5071680545807, "_step": 167, "_wandb": {"runtime": 169}}