{"Loss/train": 87.24378204345703, "Loss/term": 8.592798233032227, "Loss/flow": 1.1994324922561646, "Loss/chem": 1.163694143295288, "_timestamp": 1768467635.7749703, "_runtime": 158.32000422477722, "_step": 123, "_wandb": {"runtime": 158}}