{"Loss/train": NaN, "Loss/term": NaN, "Loss/flow": NaN, "_timestamp": 1768468451.3922672, "_runtime": 80.13740515708923, "_step": 67, "_wandb": {"runtime": 80}}