{"Loss/train": 265.08587646484375, "Loss/logZ": 5.496984004974365, "_timestamp": 1768467754.004793, "_runtime": 103.60652804374695, "_step": 104, "_wandb": {"runtime": 107}}