{"Loss/train": 36.385459899902344, "Loss/term": 3.3537113666534424, "Loss/flow": 2.6229732036590576, "Loss/leaky": 2.2537219524383545, "_timestamp": 1768469949.8404236, "_runtime": 7729.0167825222015, "_step": 10850, "Eval/Top-100-dists": 0.0, "Eval/Top-100-rewards": 0.8500000238418579, "Eval/mean_reward": 0.5382062225714326, "Eval/mean_score": 0.538206160068512, "Eval/success_rate": 0.464}