{"Loss/train": 22.70163345336914, "Loss/term": 1.891603946685791, "Loss/flow": 3.4618661403656006, "Loss/leaky": 3.237281322479248, "_timestamp": 1768463295.712182, "_runtime": 1074.8885409832, "_step": 1251, "Eval/Top-100-dists": 0.6510747145554259, "Eval/Top-100-rewards": 0.6026999992132187, "Eval/mean_reward": 0.43459453983232377, "Eval/mean_score": 0.4345945417881012, "Eval/success_rate": 0.217}