{"Loss/train": 62.06847381591797, "Loss/term": 5.8345112800598145, "Loss/flow": 3.233919858932495, "Loss/chem": 4.894402503967285, "_timestamp": 1768469546.6552193, "_runtime": 232.61217427253723, "_step": 195, "_wandb": {"runtime": 233}}