{"Loss/train": 1292.1260986328125, "Loss/term": 121.91893005371094, "Loss/flow": 67.31175231933594, "Loss/chem": 56.250152587890625, "_timestamp": 1768469949.1003609, "_runtime": 312.8883788585663, "_step": 273}